217,2,Giatt', 'Holmes', 'Peiro', '131 Killdeer Way', null, 'Hamilton', 'Ohio', '28815', 'hpeiro0@surveymonkey.com', null, '828-660-5816', '763-497-5789'
217,5,'Gibbie', 'Holmes', 'Peiro', '131 Killdeer Way', null, 'Hamilton', 'Ohio', '27815', 'hpeiro0@surveymonkey.com', null, '828-660-5816', '763-497-5789'
311,7,'Meade', 'Dona', 'Troth', '5934 7th Lane', null, 'Irvine', 'California', '78405', 'dtroth2@nih.gov', null, '361-341-1787', '812-783-2396'
150,8,'Cathyleen', 'Shina', 'Smaling', '717 Spenser Junction', null, 'Houston', 'Texas', '85020', 'ssmaling3@google.com.au', null, '480-960-9369', '646-925-8579'
412,11,'Danette', null, 'Langelay', '36 Ronald Regan Terrace', 'P.O. Box 33', 'Gaithersburg', 'Maryland', '99790', 'tlangelay4@mac.com', '240-906-7652', '907-709-2649', null
461,12,'Thelma', 'Gretta', 'Brookshaw', '5 Monument Pass', null, 'Houston', 'Texas', '71137', null, null, '318-657-5679', '617-986-6678'
14,15,'Marlena', 'Maribel', 'Josovich', '85396 Graedel Avenue', null, 'Santa Rosa', 'California', '97075', 'mjosovich6@mapquest.com', null, null, '217-997-0561'
352,18,'Penny', 'Arlana', 'Bastistini', '67 Red Cloud Trail', null, 'Amarillo', 'Texas', '17105', 'abastistini7@nhs.uk', null, '717-275-8716', '502-370-3833'
470,20,'Toma', 'Nydia', 'Chilton', '25170 Oriole Plaza', null, 'Schenectady', 'New York', '32128', 'nchilton8@jigsy.com', '518-380-2423', '386-210-8464', '402-790-5944'
487,21,'Con', 'Arty', 'Clapshaw', '16414 Mesta Court', null, 'Madison', 'Wisconsin', '66606', null, null, '785-387-6083', '313-572-8367' 
144,22,'Phillida', 'Nikita', 'Dispencer', '6389 Merry Way', null, 'Dallas', 'Texas', '64144', 'ndispencera@nhs.uk', '469-502-2498', null, '320-306-1815'
484,23,'Euphemia', 'Stephan', 'Embling', '99 Swallow Court', null, 'Schenectady', 'New York', '75260', 'semblingb@reddit.com', '518-209-1470', null, '225-228-6203'
399,33,'Kyle', null, 'Reed', '346 Homewood Place', null, 'Houston', 'Texas', '65110', null, '713-851-6681', null, null
194,34,'Hoyt', 'Leland', 'Winterbottom', '3844 Gale Way', null, 'Terre Haute', 'Indiana', '35279', 'lwinterbottomd@si.edu', null, '205-673-3932', '804-922-7606'
129,37,'Ulick', null, 'Search', '4 Jenifer Place', null, 'Grand Rapids', 'Michigan', '89145', null, null, '702-625-5261', null
345,39,'Aguste', 'Dorelle', 'Aloway', '66170 Charing Cross Plaza', null, 'Davenport', 'Iowa', '40515', 'dalowayf@e-recht24.de', '563-811-6309', null, '515-551-7292'
202,40,'Sidonnie', 'Tad', 'Paradyce', '43 Helena Alley', null, 'Elizabeth', 'New Jersey', '98682', 'tparadyceg@loc.gov', '908-191-3151', null, '202-151-0699'
172,41,'Daniel', 'Drucie', 'Filoniere', '05984 Goodland Circle', null, 'San Francisco', 'California', '30096', null, null, '404-438-2332', '214-152-5483'
46,42,'Armando', null, 'Gaynes', '13 Acker Street', null, 'Phoenix', 'Arizona', '57110', null, '602-942-7112', '605-238-3628', null
422,45,'Zared', 'Mill', 'Top', '36644 Calypso Park', null, 'Hartford', 'Connecticut', '92424', null, '203-760-1844', '909-853-7648', '203-118-7221'
284,46,'Lucky', 'Alden', 'Pirkis', '2764 Maywood Place', null, 'Torrance', 'California', '34665', 'apirkisk@wikia.com', '310-172-5733', null, '703-687-3097'
414,47,'Gale', 'Darren', 'Linne', '6269 Nevada Street', 'P.O. Box 69', 'Washington', 'District of Columbia', '95813', 'dlinnel@pcworld.com', null, '916-877-4290', '323-180-3729'
343,49,'Umeko', 'Phip', 'de Merida', '2125 Fieldstone Junction', 'P.O. Box 342', 'Washington', 'District of Columbia', '80995', null, null, '719-716-4710', '907-160-1052'
172,50,'Guenevere', 'Orel', 'Stranaghan', '32 Weeping Birch Pass', null, 'Englewood', 'Colorado', '34981', 'ostranaghann@loc.gov', null, '772-626-0660', '267-638-3926'
341,51,'Leisha', 'Rora', 'Hebbron', '460 Lakewood Court', null, 'Reston', 'Virginia', '25775', 'rhebbrono@quantcast.com', null, '304-853-9098', '401-761-4594'
84,53,'Chrisse', null, 'Ragsdale', '2 Everett Pass', null, 'Charlotte', 'North Carolina', '34605', 'bragsdalep@eventbrite.com', null, '352-526-7240', null
134,54,'Jannelle', 'Erskine', 'Grimm', '01951 Heffernan Park', 'P.O. Box 250', 'Lake Charles', 'Louisiana', '28256', null, null, '704-269-9865', '713-689-5900'
452,57,'Corbett', 'Madlin', 'Meriott', '09 Cardinal Alley', null, 'Los Angeles', 'California', '63169', 'mmeriottr@pinterest.com', '424-532-1366', '314-630-4956', '310-154-8877'
95,58,'Barde', null, 'Sudy', '4 Vidon Lane', null, 'Scottsdale', 'Arizona', '34611', 'jsudys@opera.com', null, '352-703-2175', null
40,60,'Ealasaid', 'Niki', 'Stanes', '08 Schiller Point', null, 'Madison', 'Wisconsin', '45419', 'nstanest@newsvine.com', '608-460-6704', null, '336-237-3306'
60,62,'Keely', 'Georas', 'Holdin', '83664 Bowman Street', null, 'New York City', 'New York', '48076', 'gholdinu@springer.com', '212-840-9539', null, '443-250-5108'
91,63,'Thatch', 'Augustine', 'Barbrook', '27 Vermont Place', null, 'San Jose', 'California', '76096', 'abarbrookv@youtube.com', null, '214-571-9302', '719-416-4939'
51,64,'Rikki', 'Clemmy', 'Grovier', '138 Esker Parkway', null, 'Glendale', 'California', '38109', null, null, '901-523-9702', '405-244-1198'
131,66,'Mitzi', null, 'Qusklay', '158 Sachs Avenue', null, 'New Orleans', 'Louisiana', '20392', 'equsklayx@ed.gov', null, '202-715-5680', null
24,68,'Winfield', null, 'Wearn', '2 Bunting Way', null, 'Sioux City', 'Iowa', '01654', null, null, '508-470-4186', null
220,72,'Katrina', 'Ileana', 'Arnet', '825 Lyons Lane', null, 'Amarillo', 'Texas', '37410', null, null, '423-970-7177', '215-888-2942'
149,74,'Fifine', 'Dale', 'Fulcher', '36866 Anthes Crossing', null, 'Ocala', 'Florida', '77493', null, null, '832-192-3081', '260-372-5678'
342,75,'Jaime', 'Gregor', 'Roome', '03 Cody Court', null, 'Indianapolis', 'Indiana', '14619', null, null, '585-118-0280', '602-385-2855'
91,76,'Bennie', 'Burnard', 'Jerome', '056 Macpherson Way', null, 'Houston', 'Texas', '79923', null, '281-261-0591', '915-489-0223', '217-209-8002'
392,77,'Yasmin', 'Stanford', 'Sawart', '376 Sundown Plaza', null, 'Evansville', 'Indiana', '44720', null, null, '330-466-0006', '786-707-4720'
172,79,'Merv', null, 'Fratson', '93 Delladonna Place', null, 'Miami', 'Florida', '66606', 'lfratson14@yolasite.com', null, null, null
449,80,'Carson', null, 'Denys', '0174 Daystar Place', null, 'New Orleans', 'Louisiana', '22333', null, '504-615-9956', '571-351-5983', null
468,81,'Ferdinande', null, 'Isakowicz', '61666 Holmberg Plaza', null, 'Beaverton', 'Oregon', '46825', 'pisakowicz16@lycos.com', null, '260-106-0655', null
489,83,'Christabella', 'Joice', 'Bowdon', '32 Butternut Drive', null, 'Saint Louis', 'Missouri', '34745', 'jbowdon17@yale.edu', null, '407-696-5525', '319-251-3862'
430,84,'Regan', 'Dill', 'Figge', '69638 Monument Center', null, 'Mobile', 'Alabama', '33158', 'dfigge18@topsy.com', null, null, '313-206-0180'
491,85,'Laurena', 'Lulu', 'Worts', '13 Debs Trail', null, 'Charleston', 'West Virginia', '31205', 'lworts19@dropbox.com', '304-365-0224', null, '713-133-1107'
123,88,'Even', 'Dalli', 'MacAlpine', '69626 Huxley Avenue', null, 'Springfield', 'Missouri', '60669', 'dmacalpine1a@cdbaby.com', '417-557-7204', '312-626-1328', '210-632-5199'
287,89,'Ashbey', 'Dania', 'Rubbens', '1 Westridge Park', null, 'Corona', 'California', '29905', null, null, '843-458-9776', '585-340-5383'
67,91,'Fayette', 'Giffer', 'Kendle', '579 Eagle Crest Terrace', 'P.O. Box 597', 'Jackson', 'Mississippi', '31106', 'gkendle1c@google.com.br', '601-414-9068', null, '316-717-9284'
457,93,'Silvanus', 'Giff', 'Swaisland', '06 Nobel Center', null, 'Kansas City', 'Missouri', '94137', null, null, '415-419-3118', '786-536-1453'
123,94,'Ermanno', null, 'Chitter', '4991 Village Junction', null, 'Wichita', 'Kansas', '91131', 'echitter1e@exblog.jp', null, '626-545-2832', null
61,95,'Sybyl', 'Leanna', 'Chappell', '227 Forster Avenue', null, 'Syracuse', 'New York', '78764', 'lchappell1f@example.com', '315-148-9671', null, '971-236-6257'
117,96,'Jacobo', 'Shara', 'Squibbes', '9 Spohn Trail', null, 'Lexington', 'Kentucky', '25362', null, null, '304-421-1954', '304-769-1831'
380,98,'Jeffy', 'Chancey', 'Lanchbury', '523 Swallow Court', null, 'Gary', 'Indiana', '55441', 'clanchbury1h@washington.edu', '219-911-6280', '952-532-1969', '315-253-7087'
248,99,'Tisha', 'Kristyn', 'Leare', '9 Kensington Crossing', null, 'Ocala', 'Florida', '10014', 'kleare1i@amazonaws.com', '352-320-0196', '917-526-8527', '806-425-7653'
62,102,'Fara', 'Cyrille', 'Bute', '6 Troy Drive', 'P.O. Box 915', 'Boulder', 'Colorado', '39505', null, null, null, '516-988-3613'
58,104,'Ardelle', 'Eva', 'Pellamonuten', '19 8th Crossing', null, 'Birmingham', 'Alabama', '77040', 'epellamonuten1k@google.co.jp', null, '713-947-2017', '502-930-9760'
436,106,'Arlin', 'Leesa', 'Langworthy', '82 Kim Alley', 'P.O. Box 649', 'New Orleans', 'Louisiana', '80930', null, null, '719-423-2002', '860-268-6826'
442,107,'Cicily', 'Shel', 'McAllaster', '533 Lawn Lane', null, 'Bellevue', 'Washington', '23551', 'smcallaster1m@scribd.com', null, '757-747-3407', '541-791-0698'
440,110,'Jacqui', null, 'Jaye', '9355 Kennedy Alley', null, 'Everett', 'Washington', '99790', null, '425-318-0793', '907-229-5053', null
87,111,'Lonny', 'Colly', 'De Cruce', '12 Shoshone Alley', null, 'Amarillo', 'Texas', '60646', null, null, null, '801-347-0028'
478,112,'Zarah', 'Ardith', 'Morena', '567 3rd Terrace', null, 'Portland', 'Oregon', '67220', null, null, null, '234-196-8379'
50,114,'Ezechiel', null, 'Southerton', '26 Bayside Court', null, 'Berkeley', 'California', '28410', null, '510-861-4859', null, null
205,116,'Kelley', null, 'Dineges', '63675 Harbort Terrace', null, 'Tucson', 'Arizona', '07104', null, '520-905-6773', null, null
271,117,'Gennie', 'Lombard', 'Danelut', '68 Fairfield Street', null, 'Portsmouth', 'New Hampshire', '40250', null, null, '502-465-9804', '615-948-4665'
17,118,'Edythe', 'Merci', 'Ferrotti', '5 Jay Center', null, 'Saint Louis', 'Missouri', '68134', 'mferrotti1t@pagesperso-orange.fr', null, '712-432-2321', '503-696-7020'
109,119,'Vlad', null, 'Hunnybun', '3355 Oxford Hill', 'P.O. Box 901', 'Joliet', 'Illinois', '73071', 'bhunnybun1u@latimes.com', null, null, null
379,120,'Gavin', 'Marita', 'Synan', '58888 New Castle Court', null, 'Phoenix', 'Arizona', '28225', null, null, null, '203-815-4828'
247,123,'Alia', null, 'Ruppert', '16 Gale Avenue', null, 'Annapolis', 'Maryland', '95173', 'mruppert1w@chronoengine.com', null, null, null
413,125,'Cristin', 'Cecilio', 'Beri', '3552 Mcbride Circle', null, 'Canton', 'Ohio', '32405', 'cberi1x@163.com', null, '850-677-9953', '412-295-2831'
356,130,'Robinson', 'Kristine', 'Bunton', '2786 Ohio Way', null, 'Albany', 'Georgia', '31410', 'kbunton1y@bloglines.com', '229-501-3539', '912-320-6055', '202-162-3341'
120,132,'Rossie', 'Cammie', 'Rubinowicz', '43 Utah Point', null, 'Worcester', 'Massachusetts', '20520', 'crubinowicz1z@ezinearticles.com', '774-763-3434', '202-435-2296', '616-650-9071'
152,133,'Susie', 'Gavrielle', 'Virgo', '382 Dapin Plaza', null, 'Denver', 'Colorado', '33421', null, null, null, '267-771-3150'
257,134,'Siobhan', 'Harlie', 'Harm', '967 Macpherson Park', null, 'Chicago', 'Illinois', '95133', 'hharm21@sbwire.com', null, '408-141-8392', '907-153-2916'
244,135,'Catarina', 'Pinchas', 'Bend', '99 Roth Center', null, 'Pittsburgh', 'Pennsylvania', '46221', null, '412-567-0036', '317-516-7116', '210-481-7103'
497,138,'Celestine', 'Erhard', 'Candelin', '21351 Stuart Street', null, 'Roanoke', 'Virginia', '30911', 'ecandelin23@marketwatch.com', '540-762-0306', '706-865-4516', '858-504-7907'
96,143,'Floyd', 'Krissy', 'Reihm', '8 Namekagon Road', null, 'San Jose', 'California', '43215', null, '408-446-9319', '513-775-3426', '646-517-2529'
324,144,'Lindsey', 'Hillary', 'Skiggs', '22543 Harbort Court', null, 'Lees Summit', 'Missouri', '81505', null, null, null, '210-845-5487'
435,146,'Vasili', 'Herold', 'Pineaux', '31 Farragut Avenue', null, 'Seminole', 'Florida', '92555', null, '941-742-5699', '951-138-6199', '757-989-0858'
243,149,'Nora', 'Isador', 'Sinnocke', '22 Merry Trail', null, 'Jacksonville', 'Florida', '37931', 'isinnocke27@dailymotion.com', '904-952-8238', null, '727-610-3495'
387,150,'Anabal', null, 'Pettingall', '426 Luster Way', null, 'Houston', 'Texas', '90025', null, null, '310-600-9784', null
37,151,'Mora', 'Daryl', 'Grandisson', '6 Packers Junction', null, 'Cleveland', 'Ohio', '33034', 'dgrandisson29@baidu.com', null, '786-754-0913', '412-864-6398'
245,152,'Chrysa', 'Florie', 'Sibyllina', '93200 Dawn Trail', null, 'Carol Stream', 'Illinois', '60193', 'fsibyllina2a@hexun.com', '309-758-8295', '847-701-5747', '830-125-2116'
34,153,'Dagny', null, 'Liddyard', '1267 Forest Dale Hill', null, 'Washington', 'District of Columbia', '07195', 'gliddyard2b@columbia.edu', null, '862-502-3309', null
342,154,'Libbey', 'Nappie', 'Montier', '41 Logan Circle', null, 'New York City', 'New York', '89012', null, null, null, '515-840-5288'
40,155,'Alex', null, 'Selwood', '11 Hansons Road', 'P.O. Box 790', 'Austin', 'Texas', '11241', null, null, '347-830-3407', null
485,158,'Moore', 'Berta', 'Siddens', '18 Bellgrove Street', null, 'Columbia', 'South Carolina', '66160', 'bsiddens2e@baidu.com', null, '913-443-0130', '806-146-1319'
190,159,'Justinn', null, 'Posvner', '47435 Northridge Pass', null, 'Lincoln', 'Nebraska', '94126', 'hposvner2f@ovh.net', '402-129-7772', null, null
159,160,'Leonhard', 'Staci', 'Keirl', '6126 Marcy Court', null, 'Richmond', 'Virginia', '76110', 'skeirl2g@google.it', null, '817-891-7230', '212-478-2741'
72,161,'Dorene', null, 'Lenahan', '66212 Eggendart Street', null, 'San Jose', 'California', '38188', 'dlenahan2h@devhub.com', null, '901-924-2058', null
447,164,'Derwin', 'Birk', 'Coverdill', '3 Forest Crossing', 'P.O. Box 489', 'Durham', 'North Carolina', '33625', 'bcoverdill2i@europa.eu', null, '727-979-4476', '520-505-6244'
318,165,'Davidde', null, 'Prati', '228 Mcguire Pass', null, 'Harrisburg', 'Pennsylvania', '70883', null, null, '225-866-8261', null
263,167,'Wilhelm', 'Darb', 'Searchfield', '31372 Ridgeway Street', null, 'Miami', 'Florida', '45432', 'dsearchfield2k@bbb.org', '786-922-6502', '937-250-7137', '254-393-3938'
8,168,'Teresita', 'Vilhelmina', 'Jacqueminot', '372 Hovde Street', null, 'Vero Beach', 'Florida', '92115', 'vjacqueminot2l@bigcartel.com', null, '619-574-7526', '786-799-8845'
364,169,'Crosby', 'Sauveur', 'Gomby', '0323 Nova Road', null, 'Denver', 'Colorado', '77386', 'sgomby2m@princeton.edu', '720-976-9734', null, '714-706-6241'
311,170,'Dareen', null, 'Tellwright', '3896 Moland Avenue', null, 'San Diego', 'California', '53710', 'btellwright2n@google.com.hk', null, null, null
269,171,'Gerri', 'Sianna', 'Rubberts', '7584 Paget Lane', null, 'Hamilton', 'Ohio', '35215', 'srubberts2o@phpbb.com', null, '205-326-1551', '512-545-2419'
15,173,'Gerardo', 'Elysia', 'Ashlee', '35 Kim Way', null, 'Cleveland', 'Ohio', '79188', null, null, '806-679-8801', '330-214-4990'
198,175,'Vassili', 'Rourke', 'Blasio', '28247 Dwight Junction', null, 'Orlando', 'Florida', '29403', null, '321-953-9687', '843-845-3009', '810-275-2834'
55,178,'Prisca', 'Junette', 'Ambrogio', '8021 Armistice Junction', 'P.O. Box 566', 'Erie', 'Pennsylvania', '18505', 'jambrogio2r@sitemeter.com', '814-958-9850', '570-957-4889', '941-621-4844'
482,179,'Clarita', null, 'O''Connor', '8173 Kedzie Alley', null, 'Shreveport', 'Louisiana', '49560', null, null, '616-151-6100', null
354,180,'Dorella', 'Menard', 'Debrett', '4 Oxford Terrace', null, 'Charleston', 'South Carolina', '66276', null, '843-845-5016', '913-320-3501', '865-116-6954'
486,182,'Giovanni', 'Bartolemo', 'Schirak', '82 Marquette Way', null, 'Nashville', 'Tennessee', '28230', 'bschirak2u@yolasite.com', '615-246-6265', '704-656-5575', '402-248-3525'
375,184,'Annie', 'Gibb', 'Basilotta', '128 Thompson Drive', null, 'Las Vegas', 'Nevada', '36622', null, '702-519-8246', '251-445-0358', '203-545-5544'
399,185,'Tyler', 'Enoch', 'Duchart', '2 Stuart Way', null, 'San Antonio', 'Texas', '60193', null, null, '708-482-5194', '480-788-5314'
317,186,'Nertie', 'Royall', 'Weitzel', '90983 Talisman Circle', null, 'Charleston', 'West Virginia', '98042', 'rweitzel2x@apache.org', '304-714-4210', null, '260-277-8739'
281,187,'Maryanne', 'Vivi', 'Margerison', '5 Blue Bill Park Way', null, 'Largo', 'Florida', '45419', 'vmargerison2y@loc.gov', null, '937-273-3690', '315-518-8062'
369,188,'Jade', 'Ludovika', 'Dawley', '92213 Express Park', null, 'Virginia Beach', 'Virginia', '17622', 'ldawley2z@multiply.com', null, '717-831-8237', '251-910-8808'
79,191,'Lira', 'Zachariah', 'Shatliff', '059 Ridgeview Circle', 'P.O. Box 191', 'Anniston', 'Alabama', '40505', 'zshatliff30@narod.ru', null, null, '832-943-9229'
392,194,'Dev', 'Kendra', 'Hovey', '55 Arizona Center', null, 'Des Moines', 'Iowa', '15230', null, null, '412-941-6787', '713-488-0251'
370,195,'Saidee', 'Beulah', 'Gawthrop', '2 Vidon Court', null, 'Waco', 'Texas', '50362', 'bgawthrop32@geocities.com', null, null, '608-294-7554'
474,197,'Stan', 'Eveleen', 'Cromley', '70 Calypso Lane', null, 'Washington', 'District of Columbia', '68105', 'ecromley33@homestead.com', '202-950-5628', '402-962-5361', '218-162-0804'
220,198,'Dacey', 'Dorie', 'Tomaello', '58 Emmet Trail', null, 'Sacramento', 'California', '92191', 'dtomaello34@opensource.org', '530-608-7932', null, '361-683-8437'
24,199,'Shalna', 'Shirleen', 'Toulch', '18246 Towne Road', null, 'Tacoma', 'Washington', '19151', null, null, '610-682-4234', '513-716-6618'
165,202,'Maridel', 'Laurette', 'Fancourt', '1 Erie Court', null, 'Minneapolis', 'Minnesota', '33111', 'lfancourt36@army.mil', '612-400-6197', '786-937-4156', '757-539-4571'
195,204,'Dagmar', null, 'Leal', '91653 Killdeer Park', 'P.O. Box 44', 'Austin', 'Texas', '80241', null, null, '303-458-6150', null
335,206,'Dex', null, 'Gudahy', '9 Rutledge Terrace', null, 'Las Vegas', 'Nevada', '19151', null, null, '610-825-6548', null
61,212,'Henri', 'Clerkclaude', 'Sleeford', '8021 Del Sol Crossing', null, 'Denver', 'Colorado', '90831', 'csleeford39@webnode.com', '303-197-3910', null, '602-311-8393'
276,215,'Pier', 'Philippine', 'Duligall', '629 Glendale Pass', null, 'Duluth', 'Georgia', '35295', 'pduligall3a@cloudflare.com', null, null, '515-208-8990'
200,216,'Matias', 'Tabby', 'Rosi', '76478 Carpenter Center', null, 'Pasadena', 'California', '97201', null, null, '503-120-8537', '513-563-6259'
395,217,'Tucky', null, 'Spire', '66835 Prentice Circle', null, 'Corpus Christi', 'Texas', '44485', null, null, '330-250-8154', null
103,218,'Guendolen', null, 'Ragsdale', '5830 Manley Way', 'P.O. Box 89', 'Rochester', 'New York', '94616', null, null, null, null
296,221,'Nedda', 'Gil', 'Evamy', '88817 Clyde Gallagher Parkway', null, 'Houston', 'Texas', '80995', 'gevamy3e@ifeng.com', '713-767-1006', '719-206-8067', '302-865-7435'
46,222,'Avril', 'Cosetta', 'Belasco', '77 School Circle', null, 'Reno', 'Nevada', '77030', null, null, '281-965-8652', '405-798-0827'
479,223,'Norbert', 'Dillie', 'Dolligon', '9 Bluejay Street', null, 'Iowa City', 'Iowa', '38131', 'ddolligon3g@earthlink.net', '319-121-1512', '901-439-9635', '912-284-8196'
358,224,'Warde', 'Ricardo', 'Beevens', '164 Ohio Way', null, 'Peoria', 'Illinois', '20062', null, '309-387-9822', '202-840-6010', '301-930-3254'
145,225,'Candace', null, 'Greatreax', '10712 Anhalt Plaza', null, 'Fort Lauderdale', 'Florida', '53277', 'tgreatreax3i@nytimes.com', null, '414-724-5112', null
414,227,'Karil', 'Cyndie', 'Borton', '596 Dottie Way', null, 'Kalamazoo', 'Michigan', '22212', 'cborton3j@stumbleupon.com', null, '571-286-1118', '616-607-3243'
160,230,'Sean', 'Faith', 'Abbott', '6 Bay Road', null, 'Fort Pierce', 'Florida', '32244', 'fabbott3k@yahoo.com', null, '904-400-9231', '918-941-9196'
160,231,'Sherie', 'Maryellen', 'Brabyn', '0 Atwood Drive', 'P.O. Box 20', 'Las Vegas', 'Nevada', '95838', 'mbrabyn3l@google.com', '702-851-9091', '916-974-0655', '954-586-3067'
53,232,'Mahala', 'Bari', 'McEvoy', '17 Debs Alley', null, 'Naperville', 'Illinois', '36605', 'bmcevoy3m@myspace.com', '630-833-8701', '251-401-4004', '410-169-8811'
463,234,'Letti', 'Corella', 'Urry', '3501 Northwestern Pass', null, 'Oklahoma City', 'Oklahoma', '20380', 'curry3n@ebay.com', null, '202-985-7737', '915-530-0816'
16,238,'Wendye', 'Fanchon', 'Rosebotham', '4338 Grayhawk Junction', null, 'Sacramento', 'California', '76905', null, '916-720-6213', '325-547-9188', '540-649-3407'
229,241,'Anne-marie', 'Lorettalorna', 'Varnals', '36 Morrow Way', null, 'New York City', 'New York', '40586', 'lvarnals3p@rediff.com', null, null, '202-235-0232'
18,242,'Francklin', 'Hallie', 'Dalbey', '83875 Monterey Drive', null, 'Lubbock', 'Texas', '46247', 'hdalbey3q@google.com.au', null, '317-147-6335', '251-257-4808'
3,245,'Meara', 'Christophe', 'Krzyzanowski', '423 Gulseth Lane', null, 'Oakland', 'California', '77035', 'ckrzyzanowski3r@google.es', null, '713-421-1274', '504-141-0736'
387,247,'Norman', null, 'Childerley', '75 Harper Plaza', null, 'Palo Alto', 'California', '47937', 'tchilderley3s@ox.ac.uk', null, '765-412-3733', null
36,249,'Alica', 'Suzy', 'Quickenden', '597 Sachtjen Park', null, 'Montgomery', 'Alabama', '32526', null, null, null, '910-887-3174'
287,250,'Allyn', 'Sydelle', 'Tong', '20145 Fuller Lane', null, 'Dallas', 'Texas', '63104', 'stong3u@wordpress.org', '214-501-1546', '314-128-0721', '505-176-9272'
17,252,'Abbi', 'Job', 'Necolds', '48141 Texas Center', null, 'Saint Paul', 'Minnesota', '14683', null, null, '585-864-9775', '205-914-6414'
307,253,'Jonah', null, 'Docket', '92125 Crownhardt Junction', null, 'Fort Wayne', 'Indiana', '08638', null, null, '609-160-5795', null
200,254,'Lani', 'Maurine', 'Fullerlove', '02750 Lindbergh Center', null, 'Mesa', 'Arizona', '84189', 'mfullerlove3x@ucoz.ru', '602-540-8740', '801-352-4314', '913-970-5778'
84,256,'Orin', 'Algernon', 'Boich', '928 Crownhardt Road', null, 'Cincinnati', 'Ohio', '31205', null, '513-715-0522', '478-777-4703', '256-760-5754'
48,259,'Maximo', 'Tiertza', 'Yeoland', '930 Prairie Rose Pass', null, 'Young America', 'Minnesota', '33129', 'tyeoland3z@google.co.uk', null, '305-320-0254', '330-262-2511'
24,264,'Christoforo', 'Arin', 'Nystrom', '52 Anhalt Circle', null, 'Jefferson City', 'Missouri', '64136', 'anystrom40@github.com', '573-606-6782', '816-243-3834', '251-470-1494'
96,265,'Karin', 'Una', 'Enderwick', '62338 Fieldstone Hill', null, 'Columbus', 'Mississippi', '32309', 'uenderwick41@huffingtonpost.com', null, '850-579-4869', '202-526-3901'
193,267,'Bernadette', 'Torrence', 'Bearblock', '72 Graceland Trail', null, 'Lansing', 'Michigan', '43666', 'tbearblock42@umich.edu', null, '419-961-9751', '213-599-1840'
7,271,'Esme', 'Claudetta', 'Queyeiro', '94604 Memorial Circle', null, 'Atlanta', 'Georgia', '92725', null, null, '714-838-9686', '419-686-3294'
461,272,'Vanya', 'Karie', 'O''Caine', '35893 American Ash Street', null, 'Knoxville', 'Tennessee', '20520', null, '865-517-5884', null, '318-921-5468'
329,273,'Daniele', 'Dom', 'Pockett', '6 Valley Edge Circle', null, 'Elmira', 'New York', '94137', 'dpockett45@mail.ru', null, '415-924-3566', '706-732-1660'
426,277,'Avis', null, 'Jime', '5 Bluejay Point', null, 'Phoenix', 'Arizona', '29225', null, null, null, null
437,282,'Axel', 'Randi', 'Moultrie', '11 Maryland Circle', null, 'San Luis Obispo', 'California', '87592', 'rmoultrie47@163.com', null, '505-801-4022', '702-863-0209'
93,285,'Celia', null, 'Dumigan', '2452 Vernon Pass', null, 'Baltimore', 'Maryland', '17140', 'ddumigan48@mlb.com', null, '717-147-4655', null
481,287,'Jaimie', null, 'Ox', '1 Atwood Junction', 'P.O. Box 683', 'Austin', 'Texas', '73034', 'cox49@icq.com', '512-708-7200', '405-219-8619', null
145,288,'Clair', 'Zonnya', 'Bottby', '3418 Petterle Trail', null, 'Asheville', 'North Carolina', '55579', 'zbottby4a@free.fr', null, '952-131-6111', '412-372-5401'
230,291,'Fairleigh', 'Moreen', 'Gerardi', '6 Transport Avenue', null, 'Springfield', 'Massachusetts', '76105', null, null, null, '212-268-1268'
142,292,'Natalya', 'Salem', 'Esser', '94 Eagan Junction', null, 'Savannah', 'Georgia', '79705', 'sesser4c@jugem.jp', null, '432-511-3558', '253-321-3629'
403,293,'Andrey', 'Anestassia', 'Gornal', '9 Oxford Drive', null, 'Las Cruces', 'New Mexico', '27626', 'agornal4d@ted.com', null, null, '305-912-0770'
242,294,'Thaddus', 'Claire', 'Cottill', '61 Green Ridge Crossing', 'P.O. Box 419', 'San Rafael', 'California', '27425', 'ccottill4e@businesswire.com', null, '336-759-3974', '718-340-2303'
275,295,'Percival', 'Ida', 'Peniello', '499 Commercial Crossing', null, 'Austin', 'Texas', '25775', 'ipeniello4f@squarespace.com', '512-428-7782', null, '859-638-9428'
496,298,'Hallsy', 'Sherilyn', 'Gimlet', '7 Raven Alley', 'P.O. Box 619', 'Henderson', 'Nevada', '21229', null, null, '410-923-4725', '919-792-4009'
47,299,'Gigi', 'Mattheus', 'Kibble', '77 Veith Trail', null, 'Wichita Falls', 'Texas', '90398', 'mkibble4h@patch.com', null, null, '314-994-0340'
381,300,'Marty', 'Anestassia', 'Gerssam', '16537 Dexter Junction', 'P.O. Box 237', 'Cleveland', 'Ohio', '02458', 'agerssam4i@hud.gov', '216-427-5629', '617-565-5577', '404-218-1684'
339,302,'Alia', 'Kaile', 'Reditt', '95237 Kenwood Court', null, 'Worcester', 'Massachusetts', '95210', null, '508-153-4512', null, '816-239-3942'
207,303,'Lorelei', 'Roobbie', 'Garrison', '67133 Coolidge Lane', null, 'Virginia Beach', 'Virginia', '77281', null, '757-269-6741', '713-416-3533', '505-975-1877'
365,304,'Hogan', 'Konstance', 'Bodley', '74551 Nobel Alley', null, 'Mesa', 'Arizona', '89012', null, '602-848-6110', null, '414-214-0404'
221,305,'Winn', null, 'Wreak', '69935 Transport Circle', null, 'Macon', 'Georgia', '73142', 'awreak4m@artisteer.com', '478-377-7911', '405-700-6060', null
193,309,'Mic', 'Franny', 'Stemp', '4278 Ludington Terrace', null, 'Raleigh', 'North Carolina', '68117', 'fstemp4n@arizona.edu', null, null, '805-287-1436'
211,310,'Johanna', 'Karoly', 'Finnis', '533 Waywood Avenue', 'P.O. Box 541', 'Erie', 'Pennsylvania', '32209', 'kfinnis4o@goo.gl', null, '904-479-8974', '970-439-1236'
72,311,'Christen', 'Coraline', 'McCuffie', '87 Utah Parkway', null, 'Oklahoma City', 'Oklahoma', '34643', 'cmccuffie4p@youtube.com', null, null, '214-687-4862'
431,313,'Nerissa', 'Valli', 'Petyakov', '21 Ilene Avenue', null, 'Lakeland', 'Florida', '77250', 'vpetyakov4q@bizjournals.com', null, null, '203-407-6675'
367,314,'Shelby', 'Hendrika', 'Woltering', '63 Everett Parkway', null, 'Saint Augustine', 'Florida', '22405', 'hwoltering4r@yelp.com', '904-358-9372', null, '412-426-1657'
68,316,'Sallyanne', 'Trixie', 'Labrone', '9 Graceland Street', null, 'New Haven', 'Connecticut', '89714', 'tlabrone4s@wufoo.com', '203-825-1241', null, '571-999-4093'
449,320,'Serene', 'Dinny', 'Jocic', '549 Reindahl Hill', null, 'Kansas City', 'Missouri', '35220', null, null, '205-990-5718', '773-911-6807'
140,322,'Pierre', 'Ellary', 'Kilgallen', '41519 Arrowood Point', null, 'Aiken', 'South Carolina', '37924', 'ekilgallen4u@taobao.com', null, '865-570-6384', '209-811-9716'
358,323,'George', 'Dugald', 'Chiplen', '4 Hermina Place', null, 'Portland', 'Oregon', '38126', null, null, null, '757-742-4164'
413,324,'Helen', 'Ronny', 'Kilpin', '78217 Bluestem Crossing', null, 'Dallas', 'Texas', '85005', null, '469-999-5139', '602-461-9835', '937-141-1464'
321,325,'Hewitt', 'Carl', 'Wisden', '52 East Street', null, 'Jersey City', 'New Jersey', '19172', 'cwisden4x@theatlantic.com', null, '215-251-0289', '504-111-5554'
242,329,'Lemar', 'Lexi', 'Poynzer', '87 Independence Point', null, 'Rockville', 'Maryland', '30386', null, null, '404-357-6917', '203-835-7765'
436,331,'Warren', 'Ignaz', 'Cyson', '54 Stoughton Plaza', null, 'Boulder', 'Colorado', '11241', 'icyson4z@salon.com', '303-385-9189', '347-324-8337', '509-100-2832'
466,334,'Pascal', 'Lyn', 'Whitwood', '81 Carioca Road', null, 'Atlanta', 'Georgia', '10270', null, null, '646-335-2954', '816-433-6081'
167,335,'Jeanine', 'Catie', 'Caddan', '1 Buell Center', null, 'Las Vegas', 'Nevada', '66642', 'ccaddan51@icq.com', null, '785-766-6110', '360-668-2849'
268,337,'Emile', 'Luciana', 'Senescall', '24813 Mallory Avenue', null, 'Sacramento', 'California', '91186', 'lsenescall52@bloomberg.com', '916-299-3757', '626-794-6782', '225-902-4556'
170,339,'Selene', 'Wenda', 'Trevain', '6 Manufacturers Hill', null, 'Amarillo', 'Texas', '20029', 'wtrevain53@pbs.org', null, null, '917-865-0550'
432,344,'Clara', 'Cilka', 'Munt', '93947 Dovetail Terrace', null, 'Saint Paul', 'Minnesota', '10039', 'cmunt54@reverbnation.com', '612-416-8725', null, '704-974-5695'
101,345,'Lenore', 'Brinn', 'Webster', '9123 Manitowish Crossing', null, 'Baton Rouge', 'Louisiana', '31904', 'bwebster55@reddit.com', null, '706-584-0925', '408-840-0271'
139,346,'Valdemar', 'Sim', 'Athowe', '46593 Transport Road', null, 'Sioux Falls', 'South Dakota', '36104', null, '605-850-5647', null, '305-545-5715'
166,351,'Avis', 'Lew', 'Koppen', '59329 Dryden Court', null, 'Raleigh', 'North Carolina', '06816', null, '919-212-1278', null, '240-960-4879'
124,352,'Desiree', 'Chrissie', 'Huikerby', '8 Banding Circle', null, 'Washington', 'District of Columbia', '35244', null, null, '205-817-3006', '320-136-8894'
325,354,'Eamon', 'Ellis', 'Whettleton', '46939 Atwood Alley', null, 'New Castle', 'Pennsylvania', '14609', 'ewhettleton59@slate.com', null, '585-362-9101', '515-631-6237'
261,355,'Nicholas', 'Crawford', 'Durman', '026 Mayer Trail', null, 'Roanoke', 'Virginia', '49018', 'cdurman5a@wiley.com', null, '269-583-3336', '513-116-5318'
332,356,'Lulita', 'Roselia', 'Flux', '02737 Jay Place', null, 'Chicago', 'Illinois', '32215', 'rflux5b@mlb.com', null, '904-341-0202', '864-122-8508'
308,359,'Ashla', null, 'MacCard', '27 Marquette Road', null, 'Anaheim', 'California', '55103', null, null, null, null
249,362,'Charlena', 'Raphaela', 'Bretelle', '382 Magdeline Park', null, 'Nashville', 'Tennessee', '44760', 'rbretelle5d@webeden.co.uk', '615-900-6580', '234-251-5395', '215-435-4900'
166,364,'Adam', 'Adam', 'Yearnes', '9 Harper Place', null, 'Arlington', 'Texas', '76544', 'ayearnes5e@buzzfeed.com', '817-975-5701', '254-609-0085', '212-118-6399'
49,368,'Sybil', 'Stephannie', 'Birkinshaw', '13 Declaration Crossing', null, 'Washington', 'District of Columbia', '79188', 'sbirkinshaw5f@nba.com', null, '806-930-6952', '786-452-7886'
368,369,'Fifi', 'Jaimie', 'Lammerich', '083 Shopko Crossing', null, 'Albuquerque', 'New Mexico', '52405', 'jlammerich5g@tinyurl.com', '505-166-8557', null, '661-372-1496'
36,370,'Josefina', null, 'De Maria', '05 Bobwhite Park', 'P.O. Box 472', 'Bakersfield', 'California', '43605', 'ldemaria5h@geocities.jp', null, '419-731-1950', null
204,371,'Sheppard', 'Allix', 'Whye', '81 Hanson Plaza', null, 'Huntington', 'West Virginia', '73190', null, '304-936-4915', '405-640-0760', '330-788-1810'
339,372,'Maurene', null, 'Brimilcome', '217 Memorial Point', null, 'Minneapolis', 'Minnesota', '25721', 'jbrimilcome5j@cdc.gov', null, null, null
457,375,'Jerrylee', null, 'Refford', '50 Haas Terrace', null, 'Cincinnati', 'Ohio', '11044', null, null, '516-945-8071', null
280,378,'Alvan', 'Cordula', 'Banbridge', '2134 Bay Crossing', null, 'Louisville', 'Kentucky', '93407', null, '502-374-8497', '805-993-5188', '304-354-9816'
363,380,'Jillian', 'Ginevra', 'McCreery', '4835 Shasta Point', null, 'Anderson', 'South Carolina', '33673', null, null, null, '251-595-2048'
387,381,'Reinald', 'Bertina', 'Grabban', '933 Dapin Hill', null, 'Tampa', 'Florida', '29610', null, null, '864-234-0881', '360-897-8352'
434,383,'Marrissa', 'Averil', 'Redborn', '76905 Hazelcrest Junction', null, 'Pasadena', 'California', '79916', 'aredborn5o@state.gov', null, '915-150-4405', '619-338-9016'
440,385,'Orel', null, 'Gookey', '984 Ridgeview Crossing', null, 'Chicago', 'Illinois', '28263', 'mgookey5p@cnn.com', null, '704-691-5483', null
493,386,'Halie', 'Lula', 'Prior', '906 Anzinger Trail', null, 'Washington', 'District of Columbia', '94807', 'lprior5q@blinklist.com', null, null, '508-566-6090'
419,387,'Fidel', null, 'Shermore', '17611 Havey Crossing', null, 'Riverside', 'California', '40524', null, '951-864-5092', '859-682-0065', null
309,388,'Wat', null, 'Easterling', '36414 Sutteridge Place', null, 'Lexington', 'Kentucky', '94544', 'leasterling5s@biglobe.ne.jp', null, null, null
375,393,'Ezra', 'Lacie', 'Jimmison', '102 Morningstar Center', null, 'Charlotte', 'North Carolina', '19886', 'ljimmison5t@examiner.com', null, null, '214-704-0403'
339,395,'Kaitlin', 'Dore', 'Stefi', '985 Bartelt Terrace', null, 'Richmond', 'Virginia', '10115', null, '804-209-6305', '212-336-7493', '213-452-9284'
425,396,'Ashil', 'Aurore', 'Gorvin', '4696 Northwestern Point', null, 'San Francisco', 'California', '19115', null, '415-165-6782', null, '352-250-6239'
476,400,'Jules', 'Mavis', 'Maccrie', '3697 Acker Park', null, 'Orlando', 'Florida', '90087', null, '321-677-3341', '213-516-9978', '918-490-3101'
400,401,'Josephina', null, 'Benham', '7059 Lotheville Terrace', 'P.O. Box 565', 'San Francisco', 'California', '64187', null, '415-219-1376', '816-992-2733', null
288,403,'Cherry', 'Tally', 'Slegg', '5193 Ruskin Place', null, 'Providence', 'Rhode Island', '76711', null, '401-456-8244', '254-618-0755', '305-109-6060'
127,404,'Bettine', 'Carmita', 'Aleksandrov', '41419 Johnson Avenue', 'P.O. Box 311', 'Harrisburg', 'Pennsylvania', '06538', null, null, '203-464-2850', '239-400-4427'
302,405,'Herby', 'Cornie', 'Brighty', '89 Crownhardt Point', null, 'Baton Rouge', 'Louisiana', '77305', 'cbrighty60@adobe.com', '225-450-0365', '936-806-2408', '719-252-8219'
152,407,'Barbey', 'Gerome', 'Elph', '430 Katie Avenue', null, 'Tulsa', 'Oklahoma', '23293', 'gelph61@nydailynews.com', '918-567-7151', '804-656-2371', '203-674-3060'
498,410,'Agnella', 'Bear', 'Oakton', '9 Declaration Plaza', null, 'Columbus', 'Ohio', '17405', 'boakton62@cafepress.com', null, '717-208-2684', '909-966-6360'
106,412,'Tomas', 'Paxton', 'Jirick', '87 Dawn Alley', null, 'Knoxville', 'Tennessee', '22093', 'pjirick63@bloglovin.com', null, null, '215-326-5940'
1,413,'Morena', 'Alessandra', 'Purdie', '9 Dexter Park', null, 'San Diego', 'California', '90055', 'apurdie64@bigcartel.com', null, '213-953-4542', '909-414-5881'
267,415,'Shurlocke', 'Gualterio', 'Furzey', '829 Scott Trail', null, 'Glendale', 'Arizona', '61605', 'gfurzey65@digg.com', '602-727-6668', '309-134-2955', '817-826-4205'
93,416,'Cristy', 'Roland', 'Cleary', '3 Blackbird Circle', null, 'Denver', 'Colorado', '52804', 'rcleary66@unicef.org', null, null, '386-626-1607'
359,419,'Albrecht', 'Harley', 'De Nisco', '365 Summerview Crossing', null, 'Waltham', 'Massachusetts', '35205', null, null, '205-475-0014', '571-316-0183'
334,420,'Odetta', null, 'Sheen', '56798 Myrtle Street', null, 'Tampa', 'Florida', '92710', 'wsheen68@weibo.com', null, null, null
313,425,'Mitchell', 'King', 'Mushart', '741 Norway Maple Court', 'P.O. Box 798', 'Yakima', 'Washington', '32964', 'kmushart69@archive.org', '509-419-0495', '772-582-5084', '813-270-0345'
14,427,'Bram', 'Latashia', 'Marikhin', '24489 Gerald Point', 'P.O. Box 84', 'Farmington', 'Michigan', '79452', null, null, '806-544-6536', '254-696-5283'
478,429,'Krissie', null, 'Linnard', '83972 Springview Place', null, 'Roanoke', 'Virginia', '48604', null, null, '989-822-0234', null
32,430,'Timmy', 'Anet', 'Lamplough', '5 Loomis Avenue', null, 'Tulsa', 'Oklahoma', '98121', 'alamplough6c@tinypic.com', null, '360-566-0228', '916-772-1156'
332,431,'Wye', 'Malissa', 'Howitt', '535 Kropf Circle', null, 'Charlotte', 'North Carolina', '31605', 'mhowitt6d@cmu.edu', null, null, '818-751-2005'
244,432,'Moria', 'Sonny', 'Fidal', '7 Cambridge Parkway', 'P.O. Box 578', 'Jacksonville', 'Florida', '11499', 'sfidal6e@is.gd', '904-429-4884', null, '361-630-4630'
365,435,'Roxie', 'Ardene', 'Thirlaway', '558 Londonderry Avenue', null, 'Washington', 'District of Columbia', '27610', 'athirlaway6f@pcworld.com', '202-750-6221', '919-388-0685', '337-900-5796'
250,436,'Marmaduke', 'Harmonie', 'Fearnyough', '758 Mariners Cove Road', null, 'North Little Rock', 'Arkansas', '22096', 'hfearnyough6g@goo.ne.jp', null, null, '614-151-9671'
24,437,'Lanita', 'Ariela', 'Korpolak', '40 Sullivan Parkway', null, 'Clearwater', 'Florida', '34985', 'akorpolak6h@moonfruit.com', null, '772-368-3058', '214-190-7177'
66,438,'Pauli', 'Gina', 'Pellingar', '72662 Eastlawn Hill', null, 'Waco', 'Texas', '85015', null, '254-263-9401', '602-959-1446', '316-264-4359'
125,442,'Lind', 'Rivkah', 'Lovstrom', '235 Golden Leaf Pass', null, 'Oklahoma City', 'Oklahoma', '20546', 'rlovstrom6j@alibaba.com', '405-634-6171', '202-269-5251', '407-758-9850'
422,443,'Saul', 'Kori', 'Minihan', '7 Spohn Hill', 'P.O. Box 786', 'Chattanooga', 'Tennessee', '33620', 'kminihan6k@wikipedia.org', null, null, '202-751-4311'
497,444,'Phelia', 'Alma', 'Aleswell', '1008 Loomis Parkway', null, 'New Orleans', 'Louisiana', '77386', 'aaleswell6l@bizjournals.com', '504-376-7490', '713-298-6549', '404-816-9415'
371,446,'Belita', 'Rutger', 'Daborn', '3604 Russell Road', null, 'San Jose', 'California', '98104', 'rdaborn6m@is.gd', null, null, '812-492-4344'
167,447,'Kacie', 'Alexandrina', 'Ibotson', '53437 Village Green Road', null, 'Winston Salem', 'North Carolina', '88519', 'aibotson6n@sun.com', null, '915-609-5385', '323-421-5491'
383,451,'Querida', null, 'Welch', '98 Talmadge Alley', null, 'Boston', 'Massachusetts', '63136', null, null, '314-100-5863', null
76,452,'Blair', 'Emyle', 'Bootyman', '6 Montana Drive', null, 'Nashville', 'Tennessee', '29416', 'ebootyman6p@mit.edu', '615-371-9694', null, '480-544-4943'
137,454,'Tammara', null, 'Valois', '25 Dahle Parkway', null, 'College Station', 'Texas', '80204', 'avalois6q@desdev.cn', '979-442-9407', '303-541-2556', null
355,457,'Millie', 'Florida', 'Hunn', '51061 Gale Point', null, 'Racine', 'Wisconsin', '97405', 'fhunn6r@telegraph.co.uk', '262-632-5092', '541-632-1713', '901-688-5451'
353,458,'Cele', 'Alfi', 'Oxtaby', '0 Springs Trail', null, 'Milwaukee', 'Wisconsin', '98481', 'aoxtaby6s@cmu.edu', null, '253-596-4851', '816-297-1817'
245,459,'Sheilakathryn', 'Ripley', 'Wipper', '1 Killdeer Crossing', null, 'Charlottesville', 'Virginia', '87110', 'rwipper6t@walmart.com', '434-345-5480', null, '336-293-8354'
158,460,'Laverne', 'Megen', 'Patrickson', '3112 Pennsylvania Lane', null, 'Atlanta', 'Georgia', '78296', 'mpatrickson6u@marketwatch.com', null, null, '253-173-7963'
95,462,'Elke', 'Kenon', 'Leander', '5978 Manley Hill', null, 'Port Charlotte', 'Florida', '89714', 'kleander6v@jimdo.com', '941-162-8796', null, '972-359-9850'
463,464,'Sheeree', 'Robinet', 'Millwater', '983 Elgar Road', null, 'Philadelphia', 'Pennsylvania', '94616', null, '215-527-6865', '510-502-5525', '304-630-3695'
417,465,'Enrique', 'Alvis', 'Habbal', '33913 Harbort Way', null, 'Seattle', 'Washington', '43610', 'ahabbal6x@mtv.com', null, null, '214-638-2306'
249,468,'Violetta', 'Philippine', 'Wanstall', '1 Vahlen Terrace', null, 'Flushing', 'New York', '60619', null, '917-306-6928', '312-727-8401', '314-651-8586'
275,471,'Kaitlyn', 'Reinaldo', 'Winkle', '07501 Twin Pines Terrace', null, 'Los Angeles', 'California', '92196', 'rwinkle6z@hubpages.com', null, null, '865-107-1255'
471,472,'Silvanus', 'Minni', 'Danbrook', '86656 Comanche Court', null, 'Ogden', 'Utah', '67210', null, null, null, '702-896-5036'
40,473,'Fritz', null, 'Bougen', '2736 Iowa Pass', null, 'Alexandria', 'Virginia', '27605', 'dbougen71@bbc.co.uk', null, null, null
269,483,'Afton', 'Nicolai', 'Colson', '850 Mesta Alley', null, 'New York City', 'New York', '60669', null, null, '312-330-0715', '719-892-4208'
493,484,'Lorrin', 'Crysta', 'Brookwell', '5 Prairie Rose Point', null, 'Houston', 'Texas', '80940', 'cbrookwell73@parallels.com', null, '719-683-7959', '602-634-8759'
200,486,'Alvera', 'Odilia', 'Peddar', '7 Westerfield Street', null, 'Washington', 'District of Columbia', '94705', null, null, '510-273-6208', '719-471-7525'
12,487,'Janelle', 'Haleigh', 'Carreyette', '72 Kingsford Pass', null, 'Ann Arbor', 'Michigan', '88569', 'hcarreyette75@illinois.edu', null, '915-983-4869', '616-921-1083'
349,488,'Carline', 'Merrily', 'Clinning', '845 Service Street', 'P.O. Box 449', 'Atlanta', 'Georgia', '33661', null, null, '813-850-9882', '218-687-6912'
160,489,'Oswell', null, 'Lissenden', '9727 Hintze Point', null, 'Hartford', 'Connecticut', '92505', 'dlissenden77@guardian.co.uk', '860-303-6847', '909-926-1580', null
251,494,'Rowena', 'Hakim', 'Stribbling', '13 Kingsford Crossing', null, 'Austin', 'Texas', '11447', null, '512-491-3408', '718-468-4939', '816-382-3387'
233,499,'Giffer', 'Dougie', 'Lattie', '73196 Mendota Junction', null, 'Washington', 'District of Columbia', '97296', null, '202-646-0243', null, '410-236-9175'
65,500,'Sawyere', 'Suki', 'Couves', '35 Roth Hill', null, 'Concord', 'California', '19196', null, null, null, '302-882-6399'
137,502,'Raquela', null, 'Brook', '99 Bay Lane', null, 'Hampton', 'Virginia', '27635', 'abrook7b@mail.ru', '757-145-9128', null, null
448,505,'Ham', null, 'Bugler', '774 Forest Park', null, 'Lima', 'Ohio', '15210', 'sbugler7c@shareasale.com', null, null, null
132,510,'Rockie', 'Dulcinea', 'Shama', '654 Caliangt Street', 'P.O. Box 279', 'Oklahoma City', 'Oklahoma', '79923', null, null, null, '225-111-2608'
113,512,'Phil', null, 'Tumility', '87635 Fisk Junction', null, 'Austin', 'Texas', '85725', 'atumility7e@pen.io', '512-789-5907', '520-524-8253', null
413,515,'Ruth', 'Carolin', 'Toll', '76 Declaration Terrace', null, 'Saint Louis', 'Missouri', '70005', 'ctoll7f@studiopress.com', null, '504-447-2815', '505-110-6130'
490,519,'Joly', 'Mattie', 'Hickeringill', '511 Almo Street', null, 'Irving', 'Texas', '89012', null, null, null, '415-496-2176'
77,522,'Evelin', 'Veradis', 'Connichie', '2461 Starling Crossing', null, 'Topeka', 'Kansas', '33487', 'vconnichie7h@is.gd', '785-918-4819', null, '202-400-0026'
463,526,'Shermie', 'Cherry', 'Jura', '4800 Basil Drive', null, 'San Jose', 'California', '63150', 'cjura7i@usa.gov', '408-642-7510', '314-752-4881', '330-903-4366'
229,527,'Martica', 'Judie', 'von Hagt', '692 Starling Plaza', null, 'Alexandria', 'Virginia', '78710', 'jvonhagt7j@imgur.com', null, '512-732-1221', '540-231-4968'
490,530,'Waneta', 'Idalina', 'Artist', '248 Duke Parkway', null, 'Newark', 'New Jersey', '76796', 'iartist7k@mapy.cz', '973-290-1539', '254-347-3671', '972-678-8084'
110,532,'Ardeen', 'Mindy', 'Curnucke', '7137 Sachs Junction', null, 'Houston', 'Texas', '90840', null, null, '562-386-0367', '864-633-2669'
6,533,'Leonerd', 'Edwin', 'Eyer', '7055 Rieder Place', null, 'New Orleans', 'Louisiana', '78415', null, null, '361-683-5852', '469-383-2380'
279,534,'Gayleen', 'Jens', 'Dumbar', '5 Crowley Crossing', null, 'Columbus', 'Georgia', '20088', null, '706-403-9291', '202-633-3303', '858-377-9309'
484,535,'Alfonso', 'Livy', 'Bryett', '81943 Summer Ridge Drive', null, 'Macon', 'Georgia', '92519', null, '478-197-5268', '951-701-4013', '850-942-2321'
29,537,'Evangelin', 'Cam', 'Elvidge', '9 Arizona Pass', null, 'Lincoln', 'Nebraska', '33625', 'celvidge7p@sciencedirect.com', '402-680-0187', null, '234-122-0721'
242,539,'Tim', 'Wainwright', 'Scain', '812 Pleasure Junction', null, 'Inglewood', 'California', '60697', null, null, '312-824-3140', '301-993-5938'
70,542,'Huey', 'Napoleon', 'Undrell', '2 Arrowood Pass', 'P.O. Box 964', 'Birmingham', 'Alabama', '53405', 'nundrell7r@biblegateway.com', null, '262-448-2387', '404-414-6212'
138,543,'Corly', null, 'Gladwell', '22 Alpine Lane', null, 'Pompano Beach', 'Florida', '95064', null, null, '831-616-7529', null
325,544,'Vernon', null, 'Reburn', '37 Hovde Pass', null, 'El Paso', 'Texas', '14609', 'kreburn7t@shareasale.com', '915-545-7269', null, null
185,545,'Kalli', null, 'Larkins', '29 Dexter Center', null, 'Jackson', 'Mississippi', '98109', 'blarkins7u@skyrock.com', null, '425-617-9357', null
98,548,'Audrye', 'Michel', 'D''Ambrogi', '85902 Evergreen Avenue', null, 'Norfolk', 'Virginia', '98664', null, null, null, '971-896-3496'
238,550,'Dynah', null, 'Tenpenny', '55522 Kinsman Parkway', null, 'Wilmington', 'North Carolina', '98008', null, null, '206-529-3976', null
120,552,'Malena', 'Hillyer', 'Storr', '74206 Dennis Crossing', null, 'Amarillo', 'Texas', '74108', 'hstorr7x@multiply.com', null, '918-228-9482', '757-655-4017'
199,556,'Pandora', 'Pierson', 'Orvis', '78032 Superior Drive', null, 'Dallas', 'Texas', '78703', 'porvis7y@behance.net', '214-848-8198', null, '615-256-6939'
189,558,'Archer', 'Riley', 'Clail', '407 American Avenue', null, 'Houston', 'Texas', '21211', 'rclail7z@webeden.co.uk', '832-749-8357', null, '909-749-6807'
361,561,'Standford', 'Jarad', 'Lemmens', '5 Roth Drive', null, 'Garland', 'Texas', '34238', null, null, '941-207-2799', '904-490-3249'
284,562,'Aldridge', 'Hermon', 'Hutchcraft', '331 Coolidge Terrace', null, 'Naples', 'Florida', '89595', 'hhutchcraft81@list-manage.com', '941-484-8313', '775-618-1759', '832-480-8112'
422,564,'Viva', 'Charlot', 'Menault', '2809 Shoshone Lane', 'P.O. Box 444', 'Albany', 'New York', '33625', 'cmenault82@unblog.fr', null, null, '407-851-8056'
279,565,'Brunhilda', null, 'Formoy', '23583 Clyde Gallagher Park', null, 'Memphis', 'Tennessee', '87195', 'aformoy83@ed.gov', null, null, null
262,569,'Merrie', null, 'Withur', '81 Dwight Alley', null, 'Saint Petersburg', 'Florida', '76178', 'awithur84@1688.com', null, null, null
97,572,'Laney', null, 'Poleykett', '065 Fairview Center', null, 'Baton Rouge', 'Louisiana', '20591', 'apoleykett85@apache.org', null, '202-449-4331', null
180,573,'Griswold', 'Coralyn', 'Mount', '6377 Blaine Park', null, 'New York City', 'New York', '71208', null, '212-363-9875', '318-790-5609', '713-900-0100'
130,578,'Frank', 'Jordana', 'Mesnard', '158 American Ash Point', 'P.O. Box 538', 'Orlando', 'Florida', '20022', null, null, '202-866-5938', '302-705-7433'
318,580,'Darcey', 'Doralyn', 'Larkkem', '0 Monterey Plaza', null, 'Las Vegas', 'Nevada', '78285', 'dlarkkem88@icq.com', null, '210-430-2360', '617-921-0038'
110,581,'Stephan', 'Shandeigh', 'Hyde-Chambers', '0039 Oriole Point', null, 'Austin', 'Texas', '80161', 'shydechambers89@mayoclinic.com', null, '303-571-2559', '614-756-4171'
22,586,'Janek', 'Francisco', 'Itzik', '37945 6th Drive', null, 'Lakeland', 'Florida', '44185', 'fitzik8a@shop-pro.jp', null, null, '504-563-4721'
124,587,'Merrill', 'Joya', 'Vlasin', '73 Mitchell Center', null, 'Sioux Falls', 'South Dakota', '43605', 'jvlasin8b@example.com', null, null, '610-515-5915'
302,588,'Josephine', 'Dominick', 'Legerton', '34 Village Green Hill', null, 'Sacramento', 'California', '88553', 'dlegerton8c@ovh.net', null, '915-411-7671', '757-892-2938'
107,589,'Ingaborg', 'Saunderson', 'Casine', '20535 Surrey Way', null, 'Fort Wayne', 'Indiana', '35231', 'scasine8d@webeden.co.uk', '260-686-1383', null, '602-700-3390'
54,592,'Eadie', 'Clive', 'Meeson', '2 Armistice Lane', null, 'Fort Worth', 'Texas', '81005', 'cmeeson8e@shinystat.com', '682-991-5708', '719-246-5701', '951-687-0068'
116,593,'Eric', 'Ken', 'Calken', '5 Karstens Drive', null, 'Cleveland', 'Ohio', '83405', 'kcalken8f@icq.com', null, '208-391-8931', '623-261-2178'
295,594,'Gene', 'Pascale', 'Tomaskov', '85785 Melrose Center', null, 'Denton', 'Texas', '11225', 'ptomaskov8g@netvibes.com', '972-349-1782', '718-360-7819', '804-819-6166'
27,596,'Joyan', 'Minette', 'Bonsey', '648 Stang Drive', null, 'Dayton', 'Ohio', '02405', null, null, null, '330-902-7150'
177,597,'Berkly', null, 'Maggill''Andreis', '04 Hollow Ridge Drive', 'P.O. Box 572', 'Fort Worth', 'Texas', '15286', 'amaggillandreis8i@soup.io', null, null, null
300,598,'Ginevra', 'Lonna', 'Keson', '762 Ridgeview Park', 'P.O. Box 549', 'Denver', 'Colorado', '20073', 'lkeson8j@wordpress.com', null, '202-620-9827', '626-863-5334'
433,599,'Mella', 'Almire', 'De Zuani', '1 Meadow Ridge Circle', null, 'Monroe', 'Louisiana', '77505', 'adezuani8k@ifeng.com', null, '713-474-2199', '682-904-9427'
170,600,'Klarrisa', 'Faythe', 'Kleuer', '56464 Waxwing Lane', null, 'Saint Louis', 'Missouri', '10175', null, '314-913-1292', '646-608-8378', '806-737-4646'
33,602,'Fredelia', 'Wright', 'Campkin', '38 Stang Circle', null, 'Tulsa', 'Oklahoma', '60691', 'wcampkin8m@arstechnica.com', '918-194-4738', '312-470-7623', '616-709-6250'
51,603,'Shayna', 'Obadiah', 'Annesley', '6559 Tony Crossing', null, 'Roanoke', 'Virginia', '43231', null, null, null, '757-580-2971'
369,604,'Randi', 'Abbie', 'Benez', '0574 Wayridge Pass', null, 'Ann Arbor', 'Michigan', '02208', 'abenez8o@ovh.net', '734-969-9564', null, '321-655-2285'
272,605,'Kennith', null, 'Tant', '9942 Helena Park', null, 'Muskegon', 'Michigan', '20530', null, null, null, null
66,610,'Gawain', 'Georgi', 'Branscomb', '358 Almo Way', null, 'Evansville', 'Indiana', '48242', 'gbranscomb8q@geocities.com', null, '248-823-9076', '757-304-3614'
19,612,'Alane', 'Vanya', 'Burnyate', '3 Russell Terrace', null, 'Sacramento', 'California', '13217', 'vburnyate8r@boston.com', '916-166-7745', '315-382-3807', '915-902-1802'
351,614,'Ephraim', null, 'Colyer', '66042 Kropf Parkway', null, 'Saint Paul', 'Minnesota', '90805', null, null, null, null
368,615,'Stacy', null, 'Empringham', '5772 Lakewood Park', null, 'Houston', 'Texas', '76178', null, '832-186-8846', '682-784-7873', null
63,616,'Garfield', 'Rhys', 'McGoogan', '9 Waxwing Place', null, 'Wichita', 'Kansas', '55188', 'rmcgoogan8u@marketwatch.com', null, '651-648-3887', '713-744-2016'
298,618,'Amara', 'Catarina', 'Livingston', '05981 Lerdahl Trail', null, 'Richmond', 'Virginia', '50330', null, null, '515-113-1673', '816-345-5379'
438,620,'Pavel', 'Bat', 'Lemarie', '51668 3rd Way', null, 'Wilmington', 'North Carolina', '33543', 'blemarie8w@goo.ne.jp', '910-769-3145', '813-922-1434', '214-370-3384'
295,624,'Kassie', 'Mitchell', 'Kenen', '284 Chinook Hill', null, 'Jacksonville', 'Florida', '25705', 'mkenen8x@psu.edu', null, '304-907-5292', '205-922-1586'
136,626,'Frants', 'Grete', 'Daykin', '48 Monument Pass', null, 'Jamaica', 'New York', '94126', null, '516-474-5838', '415-614-7814', '253-900-5726'
442,627,'Veronike', null, 'Lieb', '4 Judy Park', null, 'Memphis', 'Tennessee', '80045', 'dlieb8z@myspace.com', null, null, null
5,631,'Lulita', 'Danny', 'Bassom', '30917 Forest Dale Plaza', null, 'Durham', 'North Carolina', '93584', null, '919-229-9973', '661-681-6657', '706-652-3140'
61,633,'Giuseppe', 'Errick', 'Lowmass', '29 6th Plaza', null, 'Irving', 'Texas', '30301', null, null, '770-825-7944', '801-557-3099'
491,634,'Horacio', 'Tybie', 'Duffield', '98 Algoma Plaza', null, 'Fort Worth', 'Texas', '55470', 'tduffield92@marketwatch.com', '817-196-1483', null, '202-420-8081'
54,635,'Benjy', 'Amber', 'Ramelet', '09 Shopko Center', 'P.O. Box 151', 'Kansas City', 'Missouri', '20319', 'aramelet93@booking.com', null, '202-885-4809', '910-569-8346'
341,636,'Darby', 'Nanon', 'Drakes', '2 Havey Trail', null, 'Dallas', 'Texas', '25313', 'ndrakes94@flavors.me', '972-448-2515', '304-483-0213', '915-631-4191'
114,639,'Giulietta', 'Zacharias', 'Stovine', '620 Pearson Terrace', null, 'Harrisburg', 'Pennsylvania', '37240', 'zstovine95@ehow.com', null, '615-389-4876', '661-284-4260'
207,640,'Elsey', 'Caralie', 'Pennings', '573 Anthes Drive', null, 'Des Moines', 'Iowa', '20010', null, null, null, '415-130-9246'
358,642,'Lonnie', 'Saree', 'Waple', '2168 Petterle Junction', null, 'Syracuse', 'New York', '90510', 'swaple97@google.de', '315-362-3066', '818-323-3363', '860-595-1919'
456,644,'Rollin', 'Talya', 'Orpen', '13 Forest Way', null, 'Grand Forks', 'North Dakota', '24048', null, null, null, '509-357-0407'
279,646,'Katalin', 'Kirsteni', 'Claughton', '17 4th Alley', null, 'Rockford', 'Illinois', '23213', 'kclaughton99@ask.com', null, '804-485-7250', '919-506-0175'
154,647,'Kaylil', null, 'Le Fevre', '7972 Sullivan Road', null, 'Dallas', 'Texas', '78426', null, null, '361-867-8292', null
244,649,'Hasheem', 'Blair', 'Winterbottom', '63367 Hintze Circle', null, 'Roanoke', 'Virginia', '20557', 'bwinterbottom9b@bloglines.com', null, null, '601-813-9530'
191,651,'Avigdor', null, 'Van Bruggen', '056 Artisan Plaza', null, 'Brooklyn', 'New York', '90060', 'vvanbruggen9c@uiuc.edu', null, '323-405-4802', null
250,654,'Elspeth', 'Jon', 'Bandt', '19 Doe Crossing Avenue', null, 'Shawnee Mission', 'Kansas', '75236', 'jbandt9d@businesswire.com', '816-130-6746', null, '801-660-8235'
18,655,'Andrus', 'Norry', 'Top', '1103 Golf View Drive', null, 'Roanoke', 'Virginia', '41905', 'ntop9e@blogs.com', null, '502-123-9852', '936-788-3387'
284,657,'Bernard', 'Adolphus', 'Britney', '3 Clove Circle', null, 'Homestead', 'Florida', '17110', 'abritney9f@yandex.ru', '786-537-9121', '717-881-1021', '203-903-6386'
203,660,'Nanni', 'Jocelyne', 'Grane', '5 Moland Plaza', 'P.O. Box 645', 'East Saint Louis', 'Illinois', '23285', 'jgrane9g@merriam-webster.com', '618-953-1984', null, '520-267-7496'
333,661,'Ki', 'Mariel', 'Sorensen', '745 Havey Point', null, 'New York City', 'New York', '75236', null, null, '214-432-0342', '937-299-9167'
226,662,'Brandy', 'Helene', 'Kann', '9 Anthes Way', null, 'Santa Fe', 'New Mexico', '48217', null, '505-706-5776', '313-887-7115', '571-145-9131'
278,666,'Lucita', 'Kincaid', 'Grimmett', '8716 Rieder Way', null, 'Washington', 'District of Columbia', '44130', 'kgrimmett9j@technorati.com', null, '216-606-5579', '615-244-2665'
369,667,'Diego', null, 'Tunsley', '689 Dryden Street', null, 'Boca Raton', 'Florida', '20005', 'mtunsley9k@slashdot.org', null, '202-380-5951', null
334,668,'Herbert', 'Margret', 'Ryding', '847 Memorial Circle', null, 'Washington', 'District of Columbia', '33013', null, '202-763-9850', '305-279-0916', '305-707-8329'
214,669,'Stanislaw', null, 'Clemmensen', '9 Anzinger Avenue', null, 'Levittown', 'Pennsylvania', '22070', 'rclemmensen9m@ovh.net', null, '757-177-5541', null
440,674,'Jan', 'Amata', 'Chalmers', '42 Raven Center', null, 'Miami', 'Florida', '10310', 'achalmers9n@sciencedirect.com', null, '914-983-6591', '712-852-0659'
39,675,'Aeriell', 'Cyndia', 'Jimmison', '56 Farwell Place', null, 'Washington', 'District of Columbia', '40225', null, null, '502-717-3104', '253-465-3644'
99,681,'Joleen', null, 'Vales', '4648 Fieldstone Point', null, 'Madison', 'Wisconsin', '77201', null, '608-243-7219', null, null
402,682,'Ichabod', 'Panchito', 'Tuckie', '06814 Chive Lane', null, 'Gilbert', 'Arizona', '53779', 'ptuckie9q@phpbb.com', null, null, '936-569-8323'
66,685,'Wynn', 'Sapphira', 'McGaughie', '71 Stephen Lane', null, 'Wichita', 'Kansas', '19058', 'smcgaughie9r@addthis.com', null, '267-135-7209', '573-806-5153'
313,689,'Jodee', 'Gusta', 'Ormistone', '6 Tennyson Terrace', null, 'Topeka', 'Kansas', '55172', 'gormistone9s@cornell.edu', null, '651-910-5084', '760-308-4671'
271,690,'Kenneth', 'Odie', 'Stoddart', '1165 Jenna Junction', null, 'Columbia', 'South Carolina', '10079', null, '803-264-1458', '212-224-4467', '941-499-0362'
29,693,'Thaxter', 'Berk', 'Josiah', '1 Dennis Trail', null, 'Hagerstown', 'Maryland', '05609', 'bjosiah9u@zimbio.com', null, '802-752-1543', '571-319-0836'
379,699,'Colet', 'Laura', 'Ivanusyev', '43 School Junction', null, 'Huntington', 'West Virginia', '75251', 'livanusyev9v@webs.com', null, null, '303-651-5966'
462,700,'Allistir', 'Bobbe', 'Kinny', '53889 Jackson Trail', 'P.O. Box 525', 'Los Angeles', 'California', '94132', 'bkinny9w@geocities.jp', null, null, '410-801-4194'
485,701,'Claretta', 'Natalie', 'Grimley', '54007 Clyde Gallagher Park', null, 'New Haven', 'Connecticut', '85010', null, null, '602-485-4509', '909-435-7023'
445,705,'Elwyn', 'Leta', 'Penhalurick', '7 Arkansas Point', null, 'Roanoke', 'Virginia', '68110', null, null, '402-850-4066', '919-346-5123'
369,706,'Dolph', null, 'Durgan', '21 Arizona Drive', null, 'Springfield', 'Massachusetts', '23228', 'fdurgan9z@spotify.com', null, '804-986-1957', null
258,707,'Dee', null, 'Levey', '83321 Lakewood Way', null, 'Gainesville', 'Florida', '91606', 'rleveya0@zimbio.com', null, null, null
431,713,'Hillary', 'Alyssa', 'Shinton', '58 Michigan Trail', null, 'Pittsburgh', 'Pennsylvania', '32595', null, null, '850-923-6423', '281-310-5781'
50,714,'Leanora', 'Pippa', 'Havock', '9 Village Green Terrace', null, 'Montgomery', 'Alabama', '53205', null, '334-955-0110', '262-230-0149', '314-239-0822'
446,715,'Lillian', 'Hermine', 'Brearley', '37 Raven Place', null, 'Silver Spring', 'Maryland', '80638', 'hbrearleya3@google.es', null, null, '305-637-9998'
241,716,'Melina', 'Ginnifer', 'M''cowis', '286 Dapin Alley', null, 'Columbus', 'Georgia', '92662', 'gmcowisa4@godaddy.com', '706-640-7104', '714-419-3165', '303-962-7439'
259,717,'Sofie', 'Bastien', 'Scudders', '7 Nevada Point', null, 'Trenton', 'New Jersey', '67260', 'bscuddersa5@jigsy.com', '609-168-5949', '316-399-5803', '410-835-8443'
226,718,'Beck', 'Kiele', 'Walster', '09934 Fieldstone Point', null, 'Sacramento', 'California', '77234', 'kwalstera6@bigcartel.com', null, '713-395-8347', '862-569-9125'
106,721,'Westleigh', 'Roz', 'Bulward', '0 Glendale Lane', null, 'Mesa', 'Arizona', '79105', null, '480-158-5584', null, '757-232-6131'
18,724,'Donella', 'Elspeth', 'Weatherburn', '2758 Randy Alley', null, 'Memphis', 'Tennessee', '43210', null, null, '614-316-6517', '405-829-4927'
126,727,'Zebedee', null, 'Kenwood', '448 Jenna Street', 'P.O. Box 101', 'Montgomery', 'Alabama', '11254', null, null, null, null
358,728,'Aurore', null, 'Mizen', '37 Cascade Road', null, 'Boca Raton', 'Florida', '33315', null, null, '954-973-0633', null
164,729,'Devina', null, 'Pavese', '70 Eagle Crest Court', null, 'Rochester', 'New York', '48206', 'epaveseab@whitehouse.gov', null, '810-312-7294', null
319,730,'Shanan', 'Babbie', 'Alleway', '17 Merry Crossing', 'P.O. Box 806', 'Peoria', 'Illinois', '74184', null, '309-156-6392', '918-922-3226', '423-110-3832'
437,734,'Lilian', null, 'Tarquinio', '836 Di Loreto Parkway', null, 'Stamford', 'Connecticut', '83727', null, '203-394-7173', '208-900-6022', null
324,736,'Jewel', 'Alyce', 'Pritty', '79 Loeprich Crossing', null, 'Atlanta', 'Georgia', '76110', 'aprittyae@netlog.com', '404-961-8235', null, '415-906-0802'
1,740,'Arleta', null, 'Habbert', '76 Crest Line Parkway', null, 'El Paso', 'Texas', '92835', 'jhabbertaf@java.com', '915-763-7193', '714-855-4816', null
132,741,'Anselma', null, 'Kleeman', '6722 Vernon Terrace', null, 'Sacramento', 'California', '75226', 'ikleemanag@feedburner.com', null, '903-816-6489', null
338,742,'Bronson', 'Kathrine', 'Dericut', '74176 Anniversary Point', null, 'Washington', 'District of Columbia', '01610', null, null, '774-438-3426', '727-852-8129'
296,744,'Mohandis', null, 'Fiddiman', '3445 Kenwood Alley', null, 'Baton Rouge', 'Louisiana', '20883', 'cfiddimanai@nytimes.com', null, null, null
177,745,'Ase', 'Rouvin', 'Gain', '5 Fairfield Place', null, 'Bowie', 'Maryland', '36670', 'rgainaj@mediafire.com', '240-146-5285', '251-587-4606', '212-556-6683'
355,747,'Karim', null, 'Carl', '7943 Dennis Place', null, 'Corona', 'California', '71213', null, null, '318-933-1789', null
21,749,'Wheeler', 'Finlay', 'Hourican', '67961 Lindbergh Court', null, 'Morgantown', 'West Virginia', '75241', 'fhouricanal@ca.gov', '304-410-5181', null, '205-937-7749'
277,755,'Immanuel', 'Corny', 'Szymonwicz', '9342 Thierer Plaza', 'P.O. Box 58', 'New Castle', 'Pennsylvania', '19184', 'cszymonwiczam@cam.ac.uk', null, '215-661-0952', '713-432-0427'
229,756,'Ebenezer', null, 'Venn', '66010 Di Loreto Crossing', null, 'Seattle', 'Washington', '85715', null, '206-446-1907', null, null
212,757,'Adelind', 'Emogene', 'Maltby', '0 Welch Hill', 'P.O. Box 49', 'Peoria', 'Illinois', '70616', null, '309-403-5698', '337-792-1189', '775-708-3889'
100,761,'Issie', 'Russ', 'Eccott', '0250 Birchwood Terrace', null, 'Fort Worth', 'Texas', '66220', 'reccottap@ox.ac.uk', null, '913-954-6540', '617-906-4753'
82,763,'Cynthie', 'Noah', 'Diviny', '6 Cherokee Drive', null, 'Youngstown', 'Ohio', '52809', null, null, null, '612-170-0562'
63,767,'Genvieve', 'Monica', 'Balchen', '168 Hoffman Center', null, 'Greensboro', 'North Carolina', '32309', null, '336-749-6014', '850-340-3780', '502-538-4894'
78,768,'Michelle', 'Babb', 'Coye', '79694 Tomscot Lane', null, 'Bronx', 'New York', '53234', null, null, '414-979-9401', '205-481-6996'
128,769,'Josey', 'Gena', 'Walkey', '29 Nancy Junction', null, 'Charlottesville', 'Virginia', '94705', null, '540-994-4723', null, '646-576-5923'
71,770,'Otho', 'Shepherd', 'Fourmy', '8 Del Sol Park', null, 'El Paso', 'Texas', '33153', null, null, '786-527-7921', '209-854-1885'
339,778,'Neddie', 'Kristoffer', 'Thomsson', '572 Moland Lane', null, 'White Plains', 'New York', '75277', 'kthomssonav@ebay.co.uk', null, null, '817-735-6038'
475,779,'Jandy', 'Thomas', 'Egle of Germany', '75 Grim Trail', null, 'Wichita', 'Kansas', '77245', null, null, '713-598-9281', '606-617-6888'
72,783,'Ardith', 'Paulie', 'McCurt', '7307 Lillian Junction', null, 'Washington', 'District of Columbia', '10155', 'pmccurtax@jiathis.com', '202-482-6490', null, '217-281-0044'
310,787,'Locke', 'Carolin', 'Eathorne', '32334 Myrtle Drive', 'P.O. Box 311', 'Houston', 'Texas', '02453', 'ceathorneay@51.la', '713-319-3864', null, '806-790-3439'
489,788,'Sherlocke', 'Viv', 'Matignon', '0 Hauk Hill', null, 'San Diego', 'California', '48555', null, null, '810-276-4691', '713-233-0969'
243,789,'Carlie', 'Elia', 'Meiner', '660 Dakota Court', null, 'Boston', 'Massachusetts', '29240', 'emeinerb0@woothemes.com', null, '803-588-1354', '509-134-4328'
258,791,'Arabele', null, 'Daviot', '4710 Forster Circle', null, 'Boynton Beach', 'Florida', '84403', 'fdaviotb1@cloudflare.com', null, null, null
322,797,'Malvin', 'Teddy', 'Stoving', '90 Nancy Center', null, 'Cleveland', 'Ohio', '90805', 'tstovingb2@bandcamp.com', null, null, '415-526-6849'
309,799,'Bartlet', 'Pattie', 'Haughton', '7186 Lukken Pass', null, 'Washington', 'District of Columbia', '40298', 'phaughtonb3@facebook.com', null, '502-588-7000', '510-180-6344'
354,803,'Wendy', 'Alister', 'Seares', '90 4th Plaza', 'P.O. Box 777', 'Las Vegas', 'Nevada', '73197', 'asearesb4@geocities.jp', '702-568-4315', '405-492-8704', '704-429-0201'
54,805,'Brietta', 'Otto', 'Raxworthy', '03 Rutledge Crossing', null, 'Salt Lake City', 'Utah', '92844', 'oraxworthyb5@noaa.gov', null, '714-587-2538', '212-398-8991'
37,806,'Thorpe', 'Adriena', 'Haslegrave', '2836 Columbus Way', null, 'Duluth', 'Minnesota', '98664', 'ahaslegraveb6@dyndns.org', null, null, '772-995-2991'
497,808,'Julianne', 'Carlie', 'Brealey', '3 Cherokee Center', null, 'Greenville', 'South Carolina', '73119', 'cbrealeyb7@weather.com', null, '405-281-1775', '972-331-7592'
468,810,'Erin', 'Maxie', 'Saberton', '64 Express Crossing', null, 'Ridgely', 'Maryland', '29240', 'msabertonb8@bizjournals.com', null, '803-524-4437', '801-878-4804'
304,811,'Erhart', 'Margaretta', 'Scrimshaw', '0 Vidon Road', null, 'Macon', 'Georgia', '43605', 'mscrimshawb9@linkedin.com', '478-646-1065', null, '304-327-7290'
236,814,'Aloysia', null, 'Wycliff', '540 Grover Pass', null, 'San Francisco', 'California', '55127', 'swycliffba@nasa.gov', '415-455-6896', '612-848-7890', null
277,815,'Farly', 'Chandal', 'Gribble', '287 Stuart Road', null, 'West Palm Beach', 'Florida', '06705', 'cgribblebb@phpbb.com', null, null, '912-592-9470'
471,816,'Norene', 'Renaldo', 'Polglase', '59 Hintze Circle', null, 'Youngstown', 'Ohio', '17105', 'rpolglasebc@time.com', null, '717-903-7867', '678-929-8207'
243,820,'Jarrod', 'Carla', 'Favell', '8 Rutledge Place', null, 'Ashburn', 'Virginia', '34745', 'cfavellbd@goo.gl', '571-697-5002', null, '702-998-7028'
195,821,'Rivy', null, 'Gaspero', '353 Marcy Parkway', 'P.O. Box 299', 'Los Angeles', 'California', '65805', null, '213-449-2288', '417-695-3099', null
94,823,'Dene', null, 'Beushaw', '5 Brickson Park Court', null, 'Washington', 'District of Columbia', '33023', 'cbeushawbf@cbslocal.com', null, null, null
95,824,'Delphine', 'Nelle', 'Daynter', '144 Calypso Avenue', null, 'Portland', 'Oregon', '78220', null, '503-530-0635', '210-946-9088', '501-509-8881'
226,826,'Josepha', null, 'Baistow', '61126 Briar Crest Lane', null, 'Midland', 'Texas', '92612', null, '432-695-5804', '510-188-2277', null
205,829,'Storm', 'Cristen', 'Tallquist', '8 Village Place', null, 'El Paso', 'Texas', '53234', null, null, '414-387-2990', '772-860-4298'
353,831,'Leela', 'Davy', 'Lanham', '74324 Butternut Way', null, 'Boston', 'Massachusetts', '95865', 'dlanhambj@theatlantic.com', null, null, '801-330-3520'
31,837,'Johnathan', null, 'McCheyne', '16882 Alpine Alley', null, 'Lexington', 'Kentucky', '30316', 'amccheynebk@gov.uk', null, '770-515-8318', null
26,841,'Georgeta', 'Nance', 'Stollenbecker', '653 Graedel Junction', null, 'Sioux Falls', 'South Dakota', '76198', null, null, '682-905-4553', '915-989-3074'
143,842,'Mareah', 'Tabitha', 'Lowder', '228 Norway Maple Avenue', null, 'Duluth', 'Minnesota', '68105', null, '218-675-7657', '402-642-8356', '520-215-9275'
146,844,'Amanda', 'Lelah', 'Sturdey', '543 Harbort Park', null, 'New York City', 'New York', '47805', null, '212-643-0668', '812-797-8027', '571-770-6101'
185,846,'Fenelia', 'Ramon', 'Youthead', '26658 American Road', 'P.O. Box 606', 'Philadelphia', 'Pennsylvania', '44760', null, null, null, '513-507-1515'
115,849,'Caterina', null, 'Radford', '99799 Carpenter Point', null, 'Lexington', 'Kentucky', '23289', null, null, '804-110-6220', null
288,850,'Abbot', null, 'Aujouanet', '4403 Hoepker Terrace', null, 'Seattle', 'Washington', '99260', 'vaujouanetbq@fema.gov', '425-920-8921', '509-860-1250', null
301,852,'Almeria', 'Che', 'Hinder', '5131 Stoughton Trail', null, 'Louisville', 'Kentucky', '79928', 'chinderbr@dropbox.com', null, null, '586-642-0157'
157,856,'Rosana', 'Thornie', 'Matis', '01047 Sutherland Road', null, 'Augusta', 'Georgia', '88525', 'tmatisbs@npr.org', '706-141-7991', '915-276-5470', '949-950-3457'
68,858,'Arnold', null, 'Gruszka', '6362 Westerfield Center', null, 'San Diego', 'California', '48107', 'bgruszkabt@ask.com', '619-592-4052', '734-526-1752', null
7,860,'Pat', null, 'Cerman', '355 Mallard Court', null, 'Portland', 'Oregon', '30340', 'ccermanbu@meetup.com', null, '770-838-1172', null
197,861,'Yank', 'Sonny', 'Turvey', '820 Raven Lane', null, 'Lexington', 'Kentucky', '19196', 'sturveybv@so-net.ne.jp', null, '215-139-2618', '315-876-8142'
19,865,'Aggie', 'Cece', 'O''Sheeryne', '53377 Elgar Park', null, 'Arlington', 'Texas', '94302', null, null, '310-699-4400', '806-720-9568'
225,867,'Kippy', null, 'Redsull', '9552 Susan Avenue', null, 'Tyler', 'Texas', '39534', null, null, '228-154-2139', null
291,869,'Karoline', 'Rana', 'Beckett', '564 Hermina Trail', null, 'Phoenix', 'Arizona', '25775', null, null, null, '770-154-2444'
454,870,'Rock', 'Derby', 'Pridgeon', '1981 Troy Hill', null, 'Carol Stream', 'Illinois', '49510', 'dpridgeonbz@wikispaces.com', null, '616-474-6885', '559-559-3091'
315,873,'Louis', null, 'Gimlet', '29984 Riverside Place', null, 'Kalamazoo', 'Michigan', '19146', 'tgimletc0@rambler.ru', '269-515-8119', '267-789-9079', null
134,875,'Shelley', null, 'Aldcorne', '31488 Morningstar Place', null, 'Salinas', 'California', '36104', 'naldcornec1@nasa.gov', '831-503-4035', null, null
127,876,'Iolande', null, 'Hylden', '51 Sachtjen Circle', null, 'Athens', 'Georgia', '25336', 'ehyldenc2@home.pl', '706-746-9291', '304-466-9228', null
206,881,'Ann-marie', 'Valery', 'Gorthy', '3446 Eliot Street', null, 'Richmond', 'Virginia', '50936', 'vgorthyc3@cdc.gov', '804-802-8785', null, '928-370-2816'
195,884,'Tabbie', 'Ingemar', 'Jeffcoate', '3141 Brown Hill', null, 'Escondido', 'California', '45470', 'ijeffcoatec4@nyu.edu', null, '937-378-6271', '478-941-5521'
226,885,'Cecilia', 'Shalna', 'Beilby', '5 Northridge Street', 'P.O. Box 833', 'Columbia', 'Missouri', '10469', 'sbeilbyc5@digg.com', null, '917-630-3859', '415-641-9949'
349,889,'Vance', 'Danny', 'Gollard', '0166 Hintze Junction', null, 'Boise', 'Idaho', '22184', null, null, null, '352-569-4864'
430,891,'Timothee', null, 'Piddle', '0817 Lerdahl Hill', null, 'Abilene', 'Texas', '11220', 'bpiddlec7@php.net', null, null, null
205,892,'Chicky', 'Silva', 'Wrigglesworth', '68471 7th Trail', null, 'Fairfax', 'Virginia', '52405', 'swrigglesworthc8@wp.com', null, null, '818-718-6058'
277,894,'Simeon', 'Nonna', 'Morston', '753 Northview Crossing', null, 'Baton Rouge', 'Louisiana', '76147', null, null, null, '831-425-2348'
64,899,'Sharia', 'Riki', 'Alderton', '79 Coleman Place', null, 'El Paso', 'Texas', '32813', null, null, null, '719-264-5044'
171,902,'Izabel', 'Adelle', 'Aimson', '4 Londonderry Avenue', null, 'Temple', 'Texas', '23464', 'aaimsoncb@techcrunch.com', null, '757-872-1865', '212-702-0471'
447,904,'Herbie', 'Austen', 'Fealty', '1 Hansons Way', null, 'Carlsbad', 'California', '19151', 'afealtycc@bluehost.com', '760-923-2085', '610-773-7484', '214-281-0303'
381,905,'Joeann', 'Andre', 'Smythe', '44492 Bluejay Plaza', null, 'Los Angeles', 'California', '47134', 'asmythecd@apple.com', '323-128-5505', null, '302-604-7328'
247,906,'Etti', 'Stinky', 'Rumgay', '26676 Fisk Crossing', null, 'Fort Worth', 'Texas', '70183', 'srumgayce@etsy.com', null, '504-638-5766', '404-391-0378'
388,909,'Faunie', 'Beau', 'Whitwell', '7720 Nobel Terrace', null, 'Madison', 'Wisconsin', '30380', 'bwhitwellcf@cdc.gov', null, '404-300-0334', '413-527-3392'
436,911,'Abbey', 'Huntlee', 'Merlin', '7 Birchwood Street', null, 'Springfield', 'Illinois', '60674', 'hmerlincg@microsoft.com', null, '312-781-7850', '216-283-9443'
331,912,'Northrop', 'Dorris', 'Izacenko', '57156 Ryan Avenue', null, 'Philadelphia', 'Pennsylvania', '47905', 'dizacenkoch@tumblr.com', null, '765-454-4186', '812-481-8647'
358,914,'Marigold', 'Brigid', 'Pelcheur', '62016 Pawling Lane', null, 'Rochester', 'New York', '33448', 'bpelcheurci@home.pl', null, '561-935-1062', '203-490-3490'
380,916,'Justen', 'Mable', 'Bates', '5639 Eggendart Plaza', null, 'Ogden', 'Utah', '32854', 'mbatescj@tiny.cc', '801-755-3399', '407-691-5664', '305-194-6553'
483,917,'Aloise', 'Ban', 'Wildbore', '955 Tony Hill', null, 'Columbus', 'Ohio', '23225', null, null, null, '901-969-9167'
498,918,'Florrie', 'Costa', 'Robelow', '6311 Northview Parkway', null, 'Topeka', 'Kansas', '32204', null, null, null, '361-364-9219'
107,921,'Sanderson', 'Winfield', 'Kosel', '97 Burrows Terrace', null, 'Great Neck', 'New York', '75044', null, '516-954-6977', '469-405-8210', '262-223-0599'
168,924,'Angus', 'Claire', 'Hatton', '0 Bayside Drive', null, 'Houston', 'Texas', '29203', null, null, '803-437-7685', '716-981-1837'
276,926,'Maurise', 'Dita', 'Reany', '85732 Del Mar Point', null, 'Phoenix', 'Arizona', '77388', 'dreanyco@vistaprint.com', null, null, '314-554-3011'
497,927,'Claudio', 'Ajay', 'Tinker', '646 Ryan Hill', null, 'Kissimmee', 'Florida', '20883', null, '407-102-6768', null, '518-101-9049'
446,929,'Danny', 'Hieronymus', 'Sabati', '077 Garrison Parkway', null, 'Las Vegas', 'Nevada', '29403', 'hsabaticq@ftc.gov', null, '843-628-1125', '915-883-3820'
226,931,'Hermina', 'Reinaldo', 'Brunger', '7 3rd Alley', null, 'Port Washington', 'New York', '94280', 'rbrungercr@vkontakte.ru', null, '916-665-4649', '540-835-5728'
490,934,'Iolande', 'Ulises', 'McKeefry', '44 Gina Plaza', 'P.O. Box 409', 'Louisville', 'Kentucky', '33915', 'umckeefrycs@ft.com', null, null, '816-614-4181'
329,935,'Payton', 'Linette', 'Klima', '93550 Express Drive', null, 'Carson City', 'Nevada', '77245', null, '775-966-3928', '713-885-5976', '210-399-0566'
205,936,'Neely', 'Otto', 'Chucks', '3 Blaine Way', null, 'Charlotte', 'North Carolina', '01152', null, null, '413-355-1469', '504-675-1910'
181,938,'Winfred', null, 'Hedge', '995 Katie Lane', null, 'Las Vegas', 'Nevada', '55412', 'thedgecv@shareasale.com', null, null, null
370,940,'Arabela', 'Hali', 'Baroc', '21 Badeau Way', null, 'Fort Wayne', 'Indiana', '80945', null, null, '719-942-5213', '559-810-6447'
66,941,'Kassi', 'Morgen', 'Crown', '802 Mitchell Lane', null, 'Midland', 'Michigan', '97312', null, null, '971-486-1506', '954-905-4088'
402,942,'Kevan', 'Donella', 'Collecott', '7 Comanche Hill', 'P.O. Box 242', 'Garden Grove', 'California', '47712', null, '310-778-1165', '812-152-8000', '305-159-4132'
486,946,'Walther', 'Ken', 'Laroux', '27 Manufacturers Plaza', null, 'Baltimore', 'Maryland', '29625', 'klarouxcz@jimdo.com', null, '864-157-8618', '214-362-7508'
197,948,'Lula', 'Petey', 'Yankov', '3 Golf View Circle', null, 'Norfolk', 'Virginia', '33134', null, null, '786-960-4765', '502-424-8100'
188,951,'Chloris', 'Amaleta', 'Kem', '35199 Fuller Lane', null, 'Corpus Christi', 'Texas', '14639', 'akemd1@vkontakte.ru', '361-114-9138', '585-481-4205', '304-778-8539'
85,952,'Silvanus', 'Sunny', 'Pelham', '81317 Green Ridge Street', null, 'Oklahoma City', 'Oklahoma', '70129', null, null, null, '920-135-9522'
301,954,'Rodi', 'Alberto', 'Tenaunt', '874 Anderson Pass', null, 'Richmond', 'Virginia', '44329', 'atenauntd3@csmonitor.com', null, '330-117-4932', '219-591-6594'
220,955,'Garland', 'Van', 'Warlawe', '3 Nelson Trail', null, 'Macon', 'Georgia', '36109', 'vwarlawed4@opensource.org', null, '334-419-6826', '915-482-5105'
426,958,'Skipper', 'Zachary', 'Nutley', '31 Shoshone Point', null, 'Knoxville', 'Tennessee', '40250', 'znutleyd5@wikimedia.org', null, '502-950-2594', '501-402-5859'
53,959,'Sasha', 'Olenolin', 'Polycote', '707 Nevada Hill', null, 'Phoenix', 'Arizona', '02472', 'opolycoted6@samsung.com', '602-678-5876', '781-316-7664', '314-804-3782'
191,963,'Mel', 'Lenore', 'Profit', '8511 Transport Terrace', null, 'Des Moines', 'Iowa', '79923', 'lprofitd7@sphinn.com', '641-702-2645', null, '720-526-3341'
99,964,'Katheryn', 'Lindi', 'Pyburn', '89721 Amoth Plaza', null, 'Colorado Springs', 'Colorado', '48930', null, null, '517-558-3755', '312-408-4670'
423,965,'Kermit', 'David', 'Fortnon', '75 Spenser Court', null, 'Baltimore', 'Maryland', '30033', null, null, '404-461-5837', '301-968-4528'
5,968,'Jaquelyn', 'Terrel', 'Bethell', '59 Laurel Park', null, 'Fort Worth', 'Texas', '30096', null, null, '770-794-7197', '952-695-7637'
425,969,'Noemi', null, 'Pickburn', '1035 Larry Way', null, 'Aurora', 'Illinois', '30351', 'hpickburndb@whitehouse.gov', null, '404-266-9552', null
468,973,'Stella', 'Elane', 'Madner', '74 Hovde Parkway', null, 'New York City', 'New York', '48107', 'emadnerdc@xrea.com', '212-197-9818', '734-533-9294', '202-172-8660'
264,975,'Bernie', 'Shepherd', 'Julian', '71 Carioca Drive', null, 'Los Angeles', 'California', '02745', null, null, '508-350-6603', '312-405-2101'
277,976,'Clair', 'Newton', 'McGiffin', '17264 Cardinal Court', null, 'Jefferson City', 'Missouri', '73034', 'nmcgiffinde@aboutads.info', null, null, '616-819-8803'
40,977,'Ellen', null, 'Prettyman', '26 Hagan Alley', 'P.O. Box 953', 'Lake Charles', 'Louisiana', '02405', 'aprettymandf@sun.com', null, '508-402-9871', null
452,979,'Shirleen', null, 'Sokell', '885 Caliangt Lane', null, 'Indianapolis', 'Indiana', '20370', 'fsokelldg@netscape.com', '317-448-8282', '202-160-3452', null
96,981,'Michale', null, 'Crampsey', '7 Bartillon Alley', null, 'Visalia', 'California', '77206', 'scrampseydh@prweb.com', '209-953-4106', null, null
140,982,'Gabriel', 'Gennie', 'Monan', '328 Acker Point', null, 'Hyattsville', 'Maryland', '33028', null, '301-904-3003', '954-778-3256', '847-961-6514'
92,983,'Jesse', 'Saba', 'Bambrough', '615 Rieder Junction', null, 'Montpelier', 'Vermont', '78235', null, '802-337-1676', '210-623-4261', '469-550-7694'
10,988,'Elmo', 'Welby', 'Sumnall', '17642 8th Lane', null, 'Vienna', 'Virginia', '39296', 'wsumnalldk@cbslocal.com', '571-454-5199', null, '973-882-6201'
37,989,'Enrichetta', null, 'Dallosso', '30863 Atwood Plaza', null, 'New York City', 'New York', '30919', null, '212-540-2195', null, null
264,990,'Dael', 'Vite', 'Light', '104 Hauk Place', null, 'Huntington Beach', 'California', '06152', null, '949-522-4677', null, '213-340-4639'
441,991,'Fredia', 'Demetre', 'Dinis', '1 Meadow Valley Pass', null, 'Madison', 'Wisconsin', '18706', 'ddinisdn@dmoz.org', null, '570-622-1547', '915-279-2004'
165,992,'Elianora', 'Orazio', 'Rennebach', '67595 Prairieview Point', null, 'Nashville', 'Tennessee', '79415', 'orennebachdo@ow.ly', '615-646-3377', null, '562-909-6387'
404,993,'Abey', 'Beitris', 'Rault', '032 Hermina Pass', null, 'Dallas', 'Texas', '46852', 'braultdp@nsw.gov.au', '214-462-0938', null, '203-539-9862'
467,994,'Letizia', 'Tito', 'Helks', '3744 Fairview Terrace', null, 'Spokane', 'Washington', '90020', 'thelksdq@google.com.br', '509-385-3027', '213-871-4847', '512-952-6429'
321,995,'Klarrisa', null, 'Feather', '4251 Surrey Trail', null, 'Houston', 'Texas', '49444', null, null, '231-475-9804', null
411,996,'Ella', 'Hartwell', 'Dictus', '2 International Plaza', null, 'New Orleans', 'Louisiana', '90040', 'hdictusds@dot.gov', null, '760-163-8710', '504-265-6805'
284,997,'Riki', 'Belia', 'Taggerty', '8403 Eastwood Terrace', null, 'Chicago', 'Illinois', '61640', null, null, null, '646-482-6560'
398,999,'Evelin', 'Brodie', 'Janousek', '6696 Sugar Hill', null, 'Tulsa', 'Oklahoma', '12227', null, '918-213-3109', null, '205-685-3912'
124,1000,'Gaspar', 'Aeriell', 'Borg', '07 Stuart Junction', null, 'Washington', 'District of Columbia', '44105', 'aborgdv@g.co', null, '216-955-9302', '585-624-8434'
